{
  "version": 1,
  "units": {
    "length": "Å",
    "y_down_is_negative": true
  },
  "structure_points": [
    [
      200.0,
      0.0
    ],
    [
      100.0,
      0.0
    ],
    [
      150.0,
      -230.0
    ],
    [
      50.0,
      -400.0
    ],
    [
      -50.0,
      -400.0
    ],
    [
      -150.0,
      -200.0
    ],
    [
      -100.0,
      0.0
    ],
    [
      -200.0,
      0.0
    ]
  ],
  "smoothing": {
    "base_points": [
      [
        200.0,
        0.0
      ],
      [
        100.0,
        0.0
      ],
      [
        150.0,
        -230.0
      ],
      [
        50.0,
        -400.0
      ],
      [
        -50.0,
        -400.0
      ],
      [
        -150.0,
        -200.0
      ],
      [
        -100.0,
        0.0
      ],
      [
        -200.0,
        0.0
      ]
    ],
    "segments": 200,
    "iterations": 5
  },
  "geometry_final": [
    [
      200.0,
      0.0
    ],
    [
      190.45650714635025,
      0.0
    ],
    [
      181.2551322455314,
      0.0
    ],
    [
      172.92059136289333,
      0.0
    ],
    [
      165.31020917006174,
      0.0
    ],
    [
      158.62451425384734,
      0.0
    ],
    [
      152.57064631199586,
      0.0
    ],
    [
      147.07317059120803,
      0.0
    ],
    [
      141.97807356115032,
      0.0
    ],
    [
      137.1997134756094,
      0.0
    ],
    [
      132.68149683992618,
      0.0
    ],
    [
      128.38288476403895,
      0.0
    ],
    [
      124.27335867797444,
      0.0
    ],
    [
      120.38109468667058,
      0.0
    ],
    [
      116.63236841741555,
      0.0
    ],
    [
      113.30715704123944,
      -0.007149722892262077
    ],
    [
      110.08377583914708,
      -0.014299445784524153
    ],
    [
      107.64966092395778,
      -0.057197783138096606
    ],
    [
      105.2721846208999,
      -0.10009612049166906
    ],
    [
      103.84280036027269,
      -0.23210675384340723
    ],
    [
      102.43345431042809,
      -0.3641173871951454
    ],
    [
      101.76649483340947,
      -0.655700584847229
    ],
    [
      101.1027624003848,
      -0.9472837824993128
    ],
    [
      100.9062928670541,
      -1.52597525458234
    ],
    [
      100.71002777530768,
      -2.105607157953111
    ],
    [
      100.84971880763948,
      -3.2455518817345617
    ],
    [
      100.99064853750198,
      -4.391194614157424
    ],
    [
      101.4055999880074,
      -6.382865615658101
    ],
    [
      101.82390807177299,
      -8.389977130155819
    ],
    [
      102.43101879709823,
      -11.182686466651887
    ],
    [
      103.04373214589805,
      -14.00116787113102
    ],
    [
      103.7439643096732,
      -17.222235824496725
    ],
    [
      104.45116439079766,
      -20.475356197669278
    ],
    [
      105.18189649129657,
      -23.836723859964234
    ],
    [
      105.92024083386961,
      -27.233107835800233
    ],
    [
      106.66644094450425,
      -30.66562834471952
    ],
    [
      107.42075364918489,
      -34.135466786250475
    ],
    [
      108.18345011619184,
      -37.64387053448248
    ],
    [
      108.95481700611626,
      -41.192158228134794
    ],
    [
      109.73515774355602,
      -44.78172562035768
    ],
    [
      110.52479392665528,
      -48.41405206261425
    ],
    [
      111.32406689325809,
      -52.09070770898719
    ],
    [
      112.13333946555488,
      -55.813361541552496
    ],
    [
      112.95299789881871,
      -59.58379033456603
    ],
    [
      113.78345406429948,
      -63.403888695777624
    ],
    [
      114.6251479017444,
      -67.27568034802421
    ],
    [
      115.4785501835679,
      -71.20133084441241
    ],
    [
      116.34416564069605,
      -75.18316194720177
    ],
    [
      117.22253650992903,
      -79.2236679456735
    ],
    [
      118.11424657479108,
      -83.32553424403895
    ],
    [
      119.01992578690071,
      -87.49165861974329
    ],
    [
      119.94025557374098,
      -91.72517563920854
    ],
    [
      120.87597496245435,
      -96.02948482728999
    ],
    [
      121.82788767943717,
      -100.40828332541099
    ],
    [
      122.79687042410907,
      -104.8656039509017
    ],
    [
      123.78388256509075,
      -109.40585979941747
    ],
    [
      124.78997757204448,
      -114.03389683140458
    ],
    [
      125.81631658210647,
      -118.7550562776897
    ],
    [
      126.86418461401082,
      -123.57524922444979
    ],
    [
      127.93501009702462,
      -128.50104644631318
    ],
    [
      129.03038859240692,
      -133.5397875250718
    ],
    [
      130.15211187734923,
      -138.69971463580646
    ],
    [
      131.3022039736155,
      -143.99013827863126
    ],
    [
      132.48296629540994,
      -149.42164495888568
    ],
    [
      133.69703495966831,
      -155.00636081447425
    ],
    [
      134.9474546059808,
      -160.7582911875116
    ],
    [
      136.2377750838457,
      -166.6937653856902
    ],
    [
      137.5721805621044,
      -172.83203058568017
    ],
    [
      138.95566588816178,
      -179.19606308554427
    ],
    [
      140.39428410823623,
      -185.81370689788662
    ],
    [
      141.84586280164922,
      -192.57627999809233
    ],
    [
      143.3645176153342,
      -199.6474032515489
    ],
    [
      144.6284342943257,
      -206.34969112242464
    ],
    [
      145.9596721396598,
      -213.36165635847613
    ],
    [
      146.38126410185131,
      -219.3702673655111
    ],
    [
      146.85186910697342,
      -225.58929352818888
    ],
    [
      145.68618087022102,
      -231.11362267497344
    ],
    [
      144.55342267412183,
      -236.700553165772
    ],
    [
      141.6567899055666,
      -242.73845611604509
    ],
    [
      138.8001392955196,
      -248.72910274037497
    ],
    [
      134.8030339415971,
      -255.67951207066406
    ],
    [
      130.86318639186197,
      -262.53258313383463
    ],
    [
      126.53969352079582,
      -269.8825210146471
    ],
    [
      122.28034361179223,
      -277.1234158599532
    ],
    [
      118.01153203606262,
      -284.38039553869356
    ],
    [
      113.80379527814603,
      -291.53354802715177
    ],
    [
      109.65457460591891,
      -298.58722316993783
    ],
    [
      105.56148576037853,
      -305.5454742073565
    ],
    [
      101.52230268332083,
      -312.41208543835455
    ],
    [
      97.53494315220347,
      -319.1905966412541
    ],
    [
      93.59745605504986,
      -325.8843247064152
    ],
    [
      89.70801008151045,
      -332.49638286143227
    ],
    [
      85.86488364154569,
      -339.02969780937235
    ],
    [
      82.0664558522416,
      -345.48702505118933
    ],
    [
      78.31119845725385,
      -351.87096262266846
    ],
    [
      74.59766856328767,
      -358.183963442411
    ],
    [
      70.92450209461774,
      -364.42834643914983
    ],
    [
      67.35814085347974,
      -370.4766271957634
    ],
    [
      63.82861328401514,
      -376.4622907105321
    ],
    [
      60.67345143562847,
      -381.73886573286313
    ],
    [
      57.517560780714035,
      -386.9114158817239
    ],
    [
      55.06766787255728,
      -390.7384363278859
    ],
    [
      52.484059067254854,
      -394.2664545763584
    ],
    [
      50.455090118354704,
      -396.4685043269724
    ],
    [
      48.130919613852626,
      -398.1215772705876
    ],
    [
      45.45354130709403,
      -399.11549217885096
    ],
    [
      42.480836092086605,
      -399.5696840697135
    ],
    [
      38.18468713331503,
      -399.8924210174284
    ],
    [
      33.75404101123505,
      -399.9462105087142
    ],
    [
      27.941526718848166,
      -400.0
    ],
    [
      22.125831272400085,
      -400.0
    ],
    [
      15.637574677527201,
      -400.0
    ],
    [
      9.180970754794872,
      -400.0
    ],
    [
      2.61570424930058,
      -400.0
    ],
    [
      -3.9177562696116794,
      -400.0
    ],
    [
      -10.419868842705888,
